name,board,description,views,rule,decision,id
Jeffrey Dahmer,Jeffrey / Geoffrey,American serial killer (1960–1994),104758445,left out,,Q298364
Jeffrey Epstein,Jeffrey / Geoffrey,American financier and child sex offender (1953–2019),79821272,left out,,Q2904131
Charles Manson,Charles,American criminal and cult leader (1934–2017),49053580,left out,,Q485508
John Wayne Gacy,John,American serial killer (1942–1994),21832537,left out,,Q298252
Aaron Hernandez,Aaron,American football player and murderer (1989–2017),21788192,left out,,Q302091
Richard Ramirez,Richard,American serial killer and sex offender (1960–2013),12090769,left out,,Q382035
Andrew Cunanan,Andrew,American spree killer (1969–1997),11919634,left out,,Q462125
Al Capone,Al,American gangster and businessman (1899–1947),11281457,left out,,Q80048
Christopher Scarver,Christopher,American murderer (born 1969),10945648,left out,,Q2357346
Charles Sobhraj,Charles,French serial killer (born 1944),10110029,left out,,Q2915508
Steven Avery,Stephen / Steven,American man convicted of murder and previously wrongly convicted of rape,9520770,left out,,Q7614463
George Floyd,George,African American man murdered by law enforcement (1973–2020),8078413,left out,,Q95677819
Frank Sheeran,Frank,American mobster and labor union official (1920–2003),6736528,left out,,Q476443
Larry Nassar,Larry,American sex offender (born 1963),6695872,left out,,Q47467705
David Koresh,David,American religious cult leader (1959–1993),6385355,left out,,Q431015
Jimmy Savile,Jimmy,English media personality and sex offender (1926–2011),6143466,left out,,Q713479
Peter Sutcliffe,Peter,English serial killer (1946–2020),5346212,left out,,Q523020
Charles Cullen,Charles,American serial killer (born 1960),4719346,left out,,Q328999
John Gotti,John,American mobster (1940–2002),4587852,left out,,Q301646
Richard Speck,Richard,American mass murderer (1941–1991),4383763,left out,,Q944350
Eric Rudolph,Eric / Erik,American domestic terrorist (born 1966),4312327,left out,,Q513250
Robert Durst,Robert,American murderer (1943–2022),4057062,left out,,Q3938263
Mary Kay Letourneau,Mary,American sex offender (1962–2020),3840267,left out,,Q433421
Lee Harvey Oswald,Lee,Assassin of John F. Kennedy (1939–1963),3224731,left out,,Q48745
Fred West,Fred,English serial killer and sex offender (1941–1995),3089235,left out,,Q577052
James Earl Ray,James,Assassin of Martin Luther King Jr. (1928–1998),2997743,left out,,Q310062
Jesse Anderson,Jesse,American murderer (1957–1994),2882438,left out,,Q6186106
Michael Peterson trial,Michael,2003 American murder trial,2752993,left out,,Q1927978
David Berkowitz,David,American serial killer (born 1953),2681908,left out,,Q352717
Christopher Paul Neil,Christopher,Canadian convicted serial child molester (born 1975),2556742,left out,,Q1331171
Keith Raniere,Keith,American cult founder and convicted felon (born 1960),2420728,left out,,Q6384925
Brian Peck,Brian / Bryan,American sex offender and dialogue coach (born 1960),2378451,left out,,Q76324987
Ryan Wedding,Ryan,Canadian snowboarder and alleged drug trafficker (born 1981),2188768,left out,,Q90041365
Joseph James DeAngelo,Joseph,American serial rapist and serial killer (born 1945),2087865,left out,,Q4045981
Keith Hunter Jesperson,Keith,Canadian-American serial killer (born 1955),2057800,left out,,Q2692190
Ron Goldman,Ron,American murder victim (1968–1994),1936330,left out,,Q281518
Josh Duggar,Josh,American TV personality and sex offender (born 1988),1870476,left out,,Q19975809
Charles J. Guiteau,Charles,Assassin of James A. Garfield (1841–1882),1766927,left out,,Q364232
Matthew Shepard,Matthew / Mathew,American hate crime and murder victim (1976–1998),1705668,left out,,Q313244
Richard Wershe Jr.,Richard,Former drug trafficker and FBI informant,1633264,left out,,Q42887127
Jeremy Bamber,Jeremy,British convicted murderer (born 1961),1557093,left out,,Q6181078
Anthony Weiner,Anthony,American politician and sex offender (born 1964),1532858,left out,,Q557810
Gary Ridgway,Gary,American serial killer (born 1949),1487281,left out,,Q357498
Susan Atkins,Susan,"Convicted murderer and member of the ""Manson family"" (1948–2009)",1473516,left out,,Q238111
Leslie Van Houten,Leslie,American convicted murderer (born 1949),1422614,left out,,Q444301
Jim Jones,Jim,American cult leader and mass murderer (1931–1978),1332869,left out,,Q213861
Jack Ruby,Jack,American nightclub owner and murderer of Lee Harvey Oswald (1911–1967),1237890,left out,,Q192519
Jerry Brudos,Jerry,American serial killer (1939–2006),1215116,left out,,Q1385693
Joe Gallo,Joe,American mobster (1929–1972),1179711,left out,,Q926554
Mark David Chapman,Mark,Murderer of John Lennon (born 1955),1129704,left out,,Q80462
Anthony Provenzano,Anthony,American gangster (1917–1988),1089537,left out,,Q4773306
Mark Anthony Stroman,Mark,American spree killer (1969–2011),1084266,left out,,Q62602236
Jane Andrews,Jane,English murderer and former royal dresser (born 1967),1073808,left out,,Q6151103
Mark Hofmann,Mark,American murderer who forged Mormon documents,1038112,left out,,Q4354485
Henry Lee Lucas,Henry,American murderer (1936–2001),1036412,left out,,Q36789
John Worboys,John,British serial rapist (born 1957),995001,left out,,Q6264876
Robert Napper,Robert,English serial killer and rapist,975762,left out,,Q7347954
John Cooper,John,Welsh serial killer (born 1944),932730,left out,,Q16106590
Gary Glitter,Gary,British musician and sex offender (born 1944),899473,left out,,Q355384
Bobby Joe Long,Bobby,American serial killer (1953–2019),804292,left out,,Q2157710
Richard Cottingham,Richard,American serial killer (born 1946),726050,left out,,Q2364408
George Jung,George,American drug trafficker and smuggler (1942–2021),716416,left out,,Q354047
Ruth Ellis,Ruth,British escort and convicted murderer (1926–1955),690880,left out,,Q467755
Robert Pickton,Robert,Canadian serial killer (1949–2024),672409,left out,,Q952917
Stephen Port,Stephen / Steven,English serial killer (born 1975),666814,left out,,Q27909514
Stephen Paddock,Stephen / Steven,American mass murderer (1953–2017),656716,left out,,Q41529365
Mary Ann Cotton,Mary,English serial killer (1832–1873),556266,left out,,Q292650
George Zimmerman,George,American killer of Trayvon Martin (born 1983),550987,left out,,Q14165349
Frank Cali,Frank,American mobster (1965–2019),534149,left out,,Q3751778
Ryan Grantham,Ryan,Canadian actor and murderer (born 1998),526321,left out,,Q85173999
Daniel Lewis Lee,Daniel,American murderer (1973–2020),510883,left out,,Q97351006
Susan Smith,Susan,American murderer (born 1971),493305,left out,,Q2449527
Peter Manuel,Peter,Scottish serial killer (1927–1958),487411,left out,,Q7175650
Jerry Sandusky,Jerry,American college football coach and convicted child sex offender (born 1944),479419,left out,,Q6184378
Joseph Christopher,Joseph,American serial killer (1955–1993),477917,left out,,Q4241305
Dave Courtney,Dave,English author and gangster (1959–2023),450200,left out,,Q5228589
William King Hale,William,American cattleman and murderer (1874–1962),444248,left out,,Q8010717
Mohamed Atta,Mohamed / Mohammed / Muhammad,Egyptian terrorist and 9/11 hijacker (1968–2001),417287,left out,,Q110067
Terry Nichols,Terry,American domestic terrorist (born 1955),415938,left out,,Q1354768
Peter Scully,Peter,Australian child sex offender (born 1963),392517,left out,,Q20205218
Robert Hansen,Robert,American serial killer (1938–2014),390902,left out,,Q730962
Richard Evonitz,Richard,"American serial killer, kidnapper, and rapist (1963–2002)",382803,left out,,Q7325562
Jay Sebring,Jay,Hair stylist and murder victim (1933–1969),377185,left out,,Q737549
Anthony Salerno,Anthony,American mobster (1911–1992),373869,left out,,Q573959
Lisa McVey,Lisa,"American police officer and motivational speaker, kidnapping victim of Bobby Joe Long",371626,left out,,Q107119297
Frank Costello,Frank,Italian-American mobster (1891-1973),343698,left out,,Q450529
Peter Kürten,Peter,German serial killer (1883–1931),338571,left out,,Q60291
Brad Sigmon,Brad,American convicted murderer (1957–2025),334069,left out,,Q131308170
Ian Watkins,Ian,Welsh musician and child sex offender (1977–2025),329924,left out,,Q2386801
Dan Markel,Dan,American law professor and murder victim (1972–2014),327731,left out,,Q5213934
Paul Bernardo,Paul,Canadian serial killer and serial rapist (born 1964),306476,left out,,Q2479292
Carlos Lehder,Carlos,Colombian drug trafficker (born 1949),295292,left out,,Q302061
Martin Bryant,Martin,Australian mass murderer (born 1967),282027,left out,,Q970560
Edward Edwards,Edward,American serial killer (1933–2011),278701,left out,,Q5342742
Max Clifford,Max,English publicist and sex offender (1943–2017),276888,left out,,Q6794659
Henry Hill,Henry,American mobster (1943–2012),273993,left out,,Q558354
Joseph Konopka,Joseph,American hacker and domestic terrorist (born 1976),266908,left out,,Q6284654
Robert Eugene Brashers,Robert,American serial killer and rapist (1958–1999),263464,left out,,Q56952569
Jeffrey Donaldson,Jeffrey / Geoffrey,Northern Irish former politician and child sex offender (born 1962),260789,left out,,Q300292
Thomas Crooks,Thomas,Attempted assassin of Donald Trump (2003–2024),244443,left out,,Q127424136
